Workbook

Sheet Conclusiones
B2: CONCLUSIONES

Sheet Tablas
B2: VISION POR PRODUCTO - EVOLUCION MENSUAL
C5: Enero | E5: Febrero | G5: Marzo | I5: Abril | K5: Mayo | M5: Junio | O5: Julio | Q5: Agosto | S5: Septiembre | U5: Octubre | W5: Noviembre | Y5: Diciembre
C7: N | D7: % Sobre el total | E7: N | F7: % Sobre el total | G7: N | H7: % Sobre el total | I7: N | J7: % Sobre el total | K7: N | L7: % Sobre el total | M7: N | N7: % Sobre el total | O7: N | P7: % Sobre el total | Q7: N | R7: % Sobre el total | S7: N | T7: % Sobre el total | U7: N | V7: % Sobre el total | W7: N | X7: % Sobre el total | Y7: N | Z7: % Sobre el total
B9: Audífonos | C9: =SUMIFS('Datos generales'!$E:$E,'Datos generales'!$N:$N,Tablas!C$5,'Datos generales'!$D:$D,Tablas!$B9) -> 0 | D9: =C9/C$17 -> 0 | E9: =SUMIFS('Datos generales'!$E:$E,'Datos generales'!$N:$N,Tablas!E$5,'Datos generales'!$D:$D,Tablas!$B9) -> 40 | F9: =E9/E$17 -> 0.088888889 | G9: =SUMIFS('Datos generales'!$E:$E,'Datos generales'!$N:$N,Tablas!G$5,'Datos generales'!$D:$D,Tablas!$B9) -> 90 | H9: =G9/G$17 -> 0.20454545 | I9: =SUMIFS('Datos generales'!$E:$E,'Datos generales'!$N:$N,Tablas!I$5,'Datos generales'!$D:$D,Tablas!$B9) -> 150 | J9: =I9/I$17 -> 0.28846154 | K9: =SUMIFS('Datos generales'!$E:$E,'Datos generales'!$N:$N,Tablas!K$5,'Datos generales'!$D:$D,Tablas!$B9) -> 50 | L9: =K9/K$17 -> 0.12195122 | M9: =SUMIFS('Datos generales'!$E:$E,'Datos generales'!$N:$N,Tablas!M$5,'Datos generales'!$D:$D,Tablas!$B9) -> 10 | N9: =M9/M$17 -> 0.01369863 | O9: =SUMIFS('Datos generales'!$E:$E,'Datos generales'!$N:$N,Tablas!O$5,'Datos generales'!$D:$D,Tablas!$B9) -> 40 | P9: =O9/O$17 -> 0.076923077 | Q9: =SUMIFS('Datos generales'!$E:$E,'Datos generales'!$N:$N,Tablas!Q$5,'Datos generales'!$D:$D,Tablas!$B9) -> 0 | R9: =Q9/Q$17 -> 0 | S9: =SUMIFS('Datos generales'!$E:$E,'Datos generales'!$N:$N,Tablas!S$5,'Datos generales'!$D:$D,Tablas!$B9) -> 0 | T9: =S9/S$17 -> 0 | U9: =SUMIFS('Datos generales'!$E:$E,'Datos generales'!$N:$N,Tablas!U$5,'Datos generales'!$D:$D,Tablas!$B9) -> 70 | V9: =U9/U$17 -> 0.175 | W9: =SUMIFS('Datos generales'!$E:$E,'Datos generales'!$N:$N,Tablas!W$5,'Datos generales'!$D:$D,Tablas!$B9) -> 160 | X9: =W9/W$17 -> 0.4 | Y9: =SUMIFS('Datos generales'!$E:$E,'Datos generales'!$N:$N,Tablas!Y$5,'Datos generales'!$D:$D,Tablas!$B9) -> 30 | Z9: =Y9/Y$17 -> 0.088235294
B10: Impresora | C10: =SUMIFS('Datos generales'!$E:$E,'Datos generales'!$N:$N,Tablas!C$5,'Datos generales'!$D:$D,Tablas!$B10) -> 160 | D10: =C10/C$17 -> 0.28070175 | E10: =SUMIFS('Datos generales'!$E:$E,'Datos generales'!$N:$N,Tablas!E$5,'Datos generales'!$D:$D,Tablas!$B10) -> 120 | F10: =E10/E$17 -> 0.26666667 | G10: =SUMIFS('Datos generales'!$E:$E,'Datos generales'!$N:$N,Tablas!G$5,'Datos generales'!$D:$D,Tablas!$B10) -> 120 | H10: =G10/G$17 -> 0.27272727 | I10: =SUMIFS('Datos generales'!$E:$E,'Datos generales'!$N:$N,Tablas!I$5,'Datos generales'!$D:$D,Tablas!$B10) -> 20 | J10: =I10/I$17 -> 0.038461538 | K10: =SUMIFS('Datos generales'!$E:$E,'Datos generales'!$N:$N,Tablas!K$5,'Datos generales'!$D:$D,Tablas!$B10) -> 20 | L10: =K10/K$17 -> 0.048780488 | M10: =SUMIFS('Datos generales'!$E:$E,'Datos generales'!$N:$N,Tablas!M$5,'Datos generales'!$D:$D,Tablas!$B10) -> 180 | N10: =M10/M$17 -> 0.24657534 | O10: =SUMIFS('Datos generales'!$E:$E,'Datos generales'!$N:$N,Tablas!O$5,'Datos generales'!$D:$D,Tablas!$B10) -> 50 | P10: =O10/O$17 -> 0.096153846 | Q10: =SUMIFS('Datos generales'!$E:$E,'Datos generales'!$N:$N,Tablas!Q$5,'Datos generales'!$D:$D,Tablas!$B10) -> 160 | R10: =Q10/Q$17 -> 0.32653061 | S10: =SUMIFS('Datos generales'!$E:$E,'Datos generales'!$N:$N,Tablas!S$5,'Datos generales'!$D:$D,Tablas!$B10) -> 40 | T10: =S10/S$17 -> 0.06557377 | U10: =SUMIFS('Datos generales'!$E:$E,'Datos generales'!$N:$N,Tablas!U$5,'Datos generales'!$D:$D,Tablas!$B10) -> 50 | V10: =U10/U$17 -> 0.125 | W10: =SUMIFS('Datos generales'!$E:$E,'Datos generales'!$N:$N,Tablas!W$5,'Datos generales'!$D:$D,Tablas!$B10) -> 0 | X10: =W10/W$17 -> 0 | Y10: =SUMIFS('Datos generales'!$E:$E,'Datos generales'!$N:$N,Tablas!Y$5,'Datos generales'!$D:$D,Tablas!$B10) -> 0 | Z10: =Y10/Y$17 -> 0
B11: Laptop | C11: =SUMIFS('Datos generales'!$E:$E,'Datos generales'!$N:$N,Tablas!C$5,'Datos generales'!$D:$D,Tablas!$B11) -> 100 | D11: =C11/C$17 -> 0.1754386 | E11: =SUMIFS('Datos generales'!$E:$E,'Datos generales'!$N:$N,Tablas!E$5,'Datos generales'!$D:$D,Tablas!$B11) -> 50 | F11: =E11/E$17 -> 0.11111111 | G11: =SUMIFS('Datos generales'!$E:$E,'Datos generales'!$N:$N,Tablas!G$5,'Datos generales'!$D:$D,Tablas!$B11) -> 50 | H11: =G11/G$17 -> 0.11363636 | I11: =SUMIFS('Datos generales'!$E:$E,'Datos generales'!$N:$N,Tablas!I$5,'Datos generales'!$D:$D,Tablas!$B11) -> 20 | J11: =I11/I$17 -> 0.038461538 | K11: =SUMIFS('Datos generales'!$E:$E,'Datos generales'!$N:$N,Tablas!K$5,'Datos generales'!$D:$D,Tablas!$B11) -> 80 | L11: =K11/K$17 -> 0.19512195 | M11: =SUMIFS('Datos generales'!$E:$E,'Datos generales'!$N:$N,Tablas!M$5,'Datos generales'!$D:$D,Tablas!$B11) -> 130 | N11: =M11/M$17 -> 0.17808219 | O11: =SUMIFS('Datos generales'!$E:$E,'Datos generales'!$N:$N,Tablas!O$5,'Datos generales'!$D:$D,Tablas!$B11) -> 0 | P11: =O11/O$17 -> 0 | Q11: =SUMIFS('Datos generales'!$E:$E,'Datos generales'!$N:$N,Tablas!Q$5,'Datos generales'!$D:$D,Tablas!$B11) -> 30 | R11: =Q11/Q$17 -> 0.06122449 | S11: =SUMIFS('Datos generales'!$E:$E,'Datos generales'!$N:$N,Tablas!S$5,'Datos generales'!$D:$D,Tablas!$B11) -> 90 | T11: =S11/S$17 -> 0.14754098 | U11: =SUMIFS('Datos generales'!$E:$E,'Datos generales'!$N:$N,Tablas!U$5,'Datos generales'!$D:$D,Tablas!$B11) -> 10 | V11: =U11/U$17 -> 0.025 | W11: =SUMIFS('Datos generales'!$E:$E,'Datos generales'!$N:$N,Tablas!W$5,'Datos generales'!$D:$D,Tablas!$B11) -> 60 | X11: =W11/W$17 -> 0.15 | Y11: =SUMIFS('Datos generales'!$E:$E,'Datos generales'!$N:$N,Tablas!Y$5,'Datos generales'!$D:$D,Tablas!$B11) -> 20 | Z11: =Y11/Y$17 -> 0.058823529
B12: Monitor | C12: =SUMIFS('Datos generales'!$E:$E,'Datos generales'!$N:$N,Tablas!C$5,'Datos generales'!$D:$D,Tablas!$B12) -> 70 | D12: =C12/C$17 -> 0.12280702 | E12: =SUMIFS('Datos generales'!$E:$E,'Datos generales'!$N:$N,Tablas!E$5,'Datos generales'!$D:$D,Tablas!$B12) -> 50 | F12: =E12/E$17 -> 0.11111111 | G12: =SUMIFS('Datos generales'!$E:$E,'Datos generales'!$N:$N,Tablas!G$5,'Datos generales'!$D:$D,Tablas!$B12) -> 10 | H12: =G12/G$17 -> 0.022727273 | I12: =SUMIFS('Datos generales'!$E:$E,'Datos generales'!$N:$N,Tablas!I$5,'Datos generales'!$D:$D,Tablas!$B12) -> 10 | J12: =I12/I$17 -> 0.019230769 | K12: =SUMIFS('Datos generales'!$E:$E,'Datos generales'!$N:$N,Tablas!K$5,'Datos generales'!$D:$D,Tablas!$B12) -> 90 | L12: =K12/K$17 -> 0.2195122 | M12: =SUMIFS('Datos generales'!$E:$E,'Datos generales'!$N:$N,Tablas!M$5,'Datos generales'!$D:$D,Tablas!$B12) -> 90 | N12: =M12/M$17 -> 0.12328767 | O12: =SUMIFS('Datos generales'!$E:$E,'Datos generales'!$N:$N,Tablas!O$5,'Datos generales'!$D:$D,Tablas!$B12) -> 60 | P12: =O12/O$17 -> 0.11538462 | Q12: =SUMIFS('Datos generales'!$E:$E,'Datos generales'!$N:$N,Tablas!Q$5,'Datos generales'!$D:$D,Tablas!$B12) -> 70 | R12: =Q12/Q$17 -> 0.14285714 | S12: =SUMIFS('Datos generales'!$E:$E,'Datos generales'!$N:$N,Tablas!S$5,'Datos generales'!$D:$D,Tablas!$B12) -> 70 | T12: =S12/S$17 -> 0.1147541 | U12: =SUMIFS('Datos generales'!$E:$E,'Datos generales'!$N:$N,Tablas!U$5,'Datos generales'!$D:$D,Tablas!$B12) -> 0 | V12: =U12/U$17 -> 0 | W12: =SUMIFS('Datos generales'!$E:$E,'Datos generales'!$N:$N,Tablas!W$5,'Datos generales'!$D:$D,Tablas!$B12) -> 90 | X12: =W12/W$17 -> 0.225 | Y12: =SUMIFS('Datos generales'!$E:$E,'Datos generales'!$N:$N,Tablas!Y$5,'Datos generales'!$D:$D,Tablas!$B12) -> 90 | Z12: =Y12/Y$17 -> 0.26470588
B13: Mouse | C13: =SUMIFS('Datos generales'!$E:$E,'Datos generales'!$N:$N,Tablas!C$5,'Datos generales'!$D:$D,Tablas!$B13) -> 80 | D13: =C13/C$17 -> 0.14035088 | E13: =SUMIFS('Datos generales'!$E:$E,'Datos generales'!$N:$N,Tablas!E$5,'Datos generales'!$D:$D,Tablas!$B13) -> 20 | F13: =E13/E$17 -> 0.044444444 | G13: =SUMIFS('Datos generales'!$E:$E,'Datos generales'!$N:$N,Tablas!G$5,'Datos generales'!$D:$D,Tablas!$B13) -> 0 | H13: =G13/G$17 -> 0 | I13: =SUMIFS('Datos generales'!$E:$E,'Datos generales'!$N:$N,Tablas!I$5,'Datos generales'!$D:$D,Tablas!$B13) -> 20 | J13: =I13/I$17 -> 0.038461538 | K13: =SUMIFS('Datos generales'!$E:$E,'Datos generales'!$N:$N,Tablas!K$5,'Datos generales'!$D:$D,Tablas!$B13) -> 50 | L13: =K13/K$17 -> 0.12195122 | M13: =SUMIFS('Datos generales'!$E:$E,'Datos generales'!$N:$N,Tablas!M$5,'Datos generales'!$D:$D,Tablas!$B13) -> 50 | N13: =M13/M$17 -> 0.068493151 | O13: =SUMIFS('Datos generales'!$E:$E,'Datos generales'!$N:$N,Tablas!O$5,'Datos generales'!$D:$D,Tablas!$B13) -> 110 | P13: =O13/O$17 -> 0.21153846 | Q13: =SUMIFS('Datos generales'!$E:$E,'Datos generales'!$N:$N,Tablas!Q$5,'Datos generales'!$D:$D,Tablas!$B13) -> 0 | R13: =Q13/Q$17 -> 0 | S13: =SUMIFS('Datos generales'!$E:$E,'Datos generales'!$N:$N,Tablas!S$5,'Datos generales'!$D:$D,Tablas!$B13) -> 60 | T13: =S13/S$17 -> 0.098360656 | U13: =SUMIFS('Datos generales'!$E:$E,'Datos generales'!$N:$N,Tablas!U$5,'Datos generales'!$D:$D,Tablas!$B13) -> 50 | V13: =U13/U$17 -> 0.125 | W13: =SUMIFS('Datos generales'!$E:$E,'Datos generales'!$N:$N,Tablas!W$5,'Datos generales'!$D:$D,Tablas!$B13) -> 20 | X13: =W13/W$17 -> 0.05 | Y13: =SUMIFS('Datos generales'!$E:$E,'Datos generales'!$N:$N,Tablas!Y$5,'Datos generales'!$D:$D,Tablas!$B13) -> 20 | Z13: =Y13/Y$17 -> 0.058823529
B14: Silla Gamer | C14: =SUMIFS('Datos generales'!$E:$E,'Datos generales'!$N:$N,Tablas!C$5,'Datos generales'!$D:$D,Tablas!$B14) -> 30 | D14: =C14/C$17 -> 0.052631579 | E14: =SUMIFS('Datos generales'!$E:$E,'Datos generales'!$N:$N,Tablas!E$5,'Datos generales'!$D:$D,Tablas!$B14) -> 50 | F14: =E14/E$17 -> 0.11111111 | G14: =SUMIFS('Datos generales'!$E:$E,'Datos generales'!$N:$N,Tablas!G$5,'Datos generales'!$D:$D,Tablas!$B14) -> 60 | H14: =G14/G$17 -> 0.13636364 | I14: =SUMIFS('Datos generales'!$E:$E,'Datos generales'!$N:$N,Tablas!I$5,'Datos generales'!$D:$D,Tablas!$B14) -> 170 | J14: =I14/I$17 -> 0.32692308 | K14: =SUMIFS('Datos generales'!$E:$E,'Datos generales'!$N:$N,Tablas!K$5,'Datos generales'!$D:$D,Tablas!$B14) -> 50 | L14: =K14/K$17 -> 0.12195122 | M14: =SUMIFS('Datos generales'!$E:$E,'Datos generales'!$N:$N,Tablas!M$5,'Datos generales'!$D:$D,Tablas!$B14) -> 90 | N14: =M14/M$17 -> 0.12328767 | O14: =SUMIFS('Datos generales'!$E:$E,'Datos generales'!$N:$N,Tablas!O$5,'Datos generales'!$D:$D,Tablas!$B14) -> 60 | P14: =O14/O$17 -> 0.11538462 | Q14: =SUMIFS('Datos generales'!$E:$E,'Datos generales'!$N:$N,Tablas!Q$5,'Datos generales'!$D:$D,Tablas!$B14) -> 70 | R14: =Q14/Q$17 -> 0.14285714 | S14: =SUMIFS('Datos generales'!$E:$E,'Datos generales'!$N:$N,Tablas!S$5,'Datos generales'!$D:$D,Tablas!$B14) -> 130 | T14: =S14/S$17 -> 0.21311475 | U14: =SUMIFS('Datos generales'!$E:$E,'Datos generales'!$N:$N,Tablas!U$5,'Datos generales'!$D:$D,Tablas!$B14) -> 20 | V14: =U14/U$17 -> 0.05 | W14: =SUMIFS('Datos generales'!$E:$E,'Datos generales'!$N:$N,Tablas!W$5,'Datos generales'!$D:$D,Tablas!$B14) -> 10 | X14: =W14/W$17 -> 0.025 | Y14: =SUMIFS('Datos generales'!$E:$E,'Datos generales'!$N:$N,Tablas!Y$5,'Datos generales'!$D:$D,Tablas!$B14) -> 40 | Z14: =Y14/Y$17 -> 0.11764706
B15: Teclado | C15: =SUMIFS('Datos generales'!$E:$E,'Datos generales'!$N:$N,Tablas!C$5,'Datos generales'!$D:$D,Tablas!$B15) -> 40 | D15: =C15/C$17 -> 0.070175439 | E15: =SUMIFS('Datos generales'!$E:$E,'Datos generales'!$N:$N,Tablas!E$5,'Datos generales'!$D:$D,Tablas!$B15) -> 30 | F15: =E15/E$17 -> 0.066666667 | G15: =SUMIFS('Datos generales'!$E:$E,'Datos generales'!$N:$N,Tablas!G$5,'Datos generales'!$D:$D,Tablas!$B15) -> 80 | H15: =G15/G$17 -> 0.18181818 | I15: =SUMIFS('Datos generales'!$E:$E,'Datos generales'!$N:$N,Tablas!I$5,'Datos generales'!$D:$D,Tablas!$B15) -> 70 | J15: =I15/I$17 -> 0.13461538 | K15: =SUMIFS('Datos generales'!$E:$E,'Datos generales'!$N:$N,Tablas!K$5,'Datos generales'!$D:$D,Tablas!$B15) -> 0 | L15: =K15/K$17 -> 0 | M15: =SUMIFS('Datos generales'!$E:$E,'Datos generales'!$N:$N,Tablas!M$5,'Datos generales'!$D:$D,Tablas!$B15) -> 130 | N15: =M15/M$17 -> 0.17808219 | O15: =SUMIFS('Datos generales'!$E:$E,'Datos generales'!$N:$N,Tablas!O$5,'Datos generales'!$D:$D,Tablas!$B15) -> 110 | P15: =O15/O$17 -> 0.21153846 | Q15: =SUMIFS('Datos generales'!$E:$E,'Datos generales'!$N:$N,Tablas!Q$5,'Datos generales'!$D:$D,Tablas!$B15) -> 40 | R15: =Q15/Q$17 -> 0.081632653 | S15: =SUMIFS('Datos generales'!$E:$E,'Datos generales'!$N:$N,Tablas!S$5,'Datos generales'!$D:$D,Tablas!$B15) -> 50 | T15: =S15/S$17 -> 0.081967213 | U15: =SUMIFS('Datos generales'!$E:$E,'Datos generales'!$N:$N,Tablas!U$5,'Datos generales'!$D:$D,Tablas!$B15) -> 100 | V15: =U15/U$17 -> 0.25 | W15: =SUMIFS('Datos generales'!$E:$E,'Datos generales'!$N:$N,Tablas!W$5,'Datos generales'!$D:$D,Tablas!$B15) -> 60 | X15: =W15/W$17 -> 0.15 | Y15: =SUMIFS('Datos generales'!$E:$E,'Datos generales'!$N:$N,Tablas!Y$5,'Datos generales'!$D:$D,Tablas!$B15) -> 80 | Z15: =Y15/Y$17 -> 0.23529412
B16: Webcam | C16: =SUMIFS('Datos generales'!$E:$E,'Datos generales'!$N:$N,Tablas!C$5,'Datos generales'!$D:$D,Tablas!$B16) -> 90 | D16: =C16/C$17 -> 0.15789474 | E16: =SUMIFS('Datos generales'!$E:$E,'Datos generales'!$N:$N,Tablas!E$5,'Datos generales'!$D:$D,Tablas!$B16) -> 90 | F16: =E16/E$17 -> 0.2 | G16: =SUMIFS('Datos generales'!$E:$E,'Datos generales'!$N:$N,Tablas!G$5,'Datos generales'!$D:$D,Tablas!$B16) -> 30 | H16: =G16/G$17 -> 0.068181818 | I16: =SUMIFS('Datos generales'!$E:$E,'Datos generales'!$N:$N,Tablas!I$5,'Datos generales'!$D:$D,Tablas!$B16) -> 60 | J16: =I16/I$17 -> 0.11538462 | K16: =SUMIFS('Datos generales'!$E:$E,'Datos generales'!$N:$N,Tablas!K$5,'Datos generales'!$D:$D,Tablas!$B16) -> 70 | L16: =K16/K$17 -> 0.17073171 | M16: =SUMIFS('Datos generales'!$E:$E,'Datos generales'!$N:$N,Tablas!M$5,'Datos generales'!$D:$D,Tablas!$B16) -> 50 | N16: =M16/M$17 -> 0.068493151 | O16: =SUMIFS('Datos generales'!$E:$E,'Datos generales'!$N:$N,Tablas!O$5,'Datos generales'!$D:$D,Tablas!$B16) -> 90 | P16: =O16/O$17 -> 0.17307692 | Q16: =SUMIFS('Datos generales'!$E:$E,'Datos generales'!$N:$N,Tablas!Q$5,'Datos generales'!$D:$D,Tablas!$B16) -> 120 | R16: =Q16/Q$17 -> 0.24489796 | S16: =SUMIFS('Datos generales'!$E:$E,'Datos generales'!$N:$N,Tablas!S$5,'Datos generales'!$D:$D,Tablas!$B16) -> 170 | T16: =S16/S$17 -> 0.27868852 | U16: =SUMIFS('Datos generales'!$E:$E,'Datos generales'!$N:$N,Tablas!U$5,'Datos generales'!$D:$D,Tablas!$B16) -> 100 | V16: =U16/U$17 -> 0.25 | W16: =SUMIFS('Datos generales'!$E:$E,'Datos generales'!$N:$N,Tablas!W$5,'Datos generales'!$D:$D,Tablas!$B16) -> 0 | X16: =W16/W$17 -> 0 | Y16: =SUMIFS('Datos generales'!$E:$E,'Datos generales'!$N:$N,Tablas!Y$5,'Datos generales'!$D:$D,Tablas!$B16) -> 60 | Z16: =Y16/Y$17 -> 0.17647059
B17: TOTAL | C17: =SUM(C9:C16) -> 570 | D17: =SUM(D9:D16) -> 1 | E17: =SUM(E9:E16) -> 450 | F17: =SUM(F9:F16) -> 1 | G17: =SUM(G9:G16) -> 440 | H17: =SUM(H9:H16) -> 1 | I17: =SUM(I9:I16) -> 520 | J17: =SUM(J9:J16) -> 1 | ... Z17: =SUM(Z9:Z16) -> 1
B20: VISION DINAMICA POR GRUPOS DE VENTA - CONSULTA POR TIPO DE PRODUCTOS
C23: Producto | D23: Impresora
B25: NUMERICO
C26: 1 | D26: 2 | E26: 3 | F26: 4 | G26: 5 | H26: 6 | I26: 7 | J26: 8 | K26: 9 | L26: 10 | M26: 11 | N26: 12
C27: Enero | D27: Febrero | E27: Marzo | F27: Abril | G27: Mayo | H27: Junio | I27: Julio | J27: Agosto | K27: Septiembre | L27: Octubre | M27: Noviembre | N27: Diciembre
B28: Grupo 1 | C28: =SUMIFS('Datos generales'!$E:$E,'Datos generales'!$N:$N,Tablas!C$27,'Datos generales'!$D:$D,Tablas!$D$23,'Datos generales'!$Q:$Q,Tablas!$B28) -> 80 | D28: =SUMIFS('Datos generales'!$E:$E,'Datos generales'!$N:$N,Tablas!D$27,'Datos generales'!$D:$D,Tablas!$D$23,'Datos generales'!$Q:$Q,Tablas!$B28) -> 70 | E28: =SUMIFS('Datos generales'!$E:$E,'Datos generales'!$N:$N,Tablas!E$27,'Datos generales'!$D:$D,Tablas!$D$23,'Datos generales'!$Q:$Q,Tablas!$B28) -> 60 | F28: =SUMIFS('Datos generales'!$E:$E,'Datos generales'!$N:$N,Tablas!F$27,'Datos generales'!$D:$D,Tablas!$D$23,'Datos generales'!$Q:$Q,Tablas!$B28) -> 20 | G28: =SUMIFS('Datos generales'!$E:$E,'Datos generales'!$N:$N,Tablas!G$27,'Datos generales'!$D:$D,Tablas!$D$23,'Datos generales'!$Q:$Q,Tablas!$B28) -> 20 | H28: =SUMIFS('Datos generales'!$E:$E,'Datos generales'!$N:$N,Tablas!H$27,'Datos generales'!$D:$D,Tablas!$D$23,'Datos generales'!$Q:$Q,Tablas!$B28) -> 180 | I28: =SUMIFS('Datos generales'!$E:$E,'Datos generales'!$N:$N,Tablas!I$27,'Datos generales'!$D:$D,Tablas!$D$23,'Datos generales'!$Q:$Q,Tablas!$B28) -> 0 | J28: =SUMIFS('Datos generales'!$E:$E,'Datos generales'!$N:$N,Tablas!J$27,'Datos generales'!$D:$D,Tablas!$D$23,'Datos generales'!$Q:$Q,Tablas!$B28) -> 70 | ... N28: =SUMIFS('Datos generales'!$E:$E,'Datos generales'!$N:$N,Tablas!N$27,'Datos generales'!$D:$D,Tablas!$D$23,'Datos generales'!$Q:$Q,Tablas!$B28) -> 0
B29: Grupo 2 | C29: =SUMIFS('Datos generales'!$E:$E,'Datos generales'!$N:$N,Tablas!C$27,'Datos generales'!$D:$D,Tablas!$D$23,'Datos generales'!$Q:$Q,Tablas!$B29) -> 40 | D29: =SUMIFS('Datos generales'!$E:$E,'Datos generales'!$N:$N,Tablas!D$27,'Datos generales'!$D:$D,Tablas!$D$23,'Datos generales'!$Q:$Q,Tablas!$B29) -> 50 | E29: =SUMIFS('Datos generales'!$E:$E,'Datos generales'!$N:$N,Tablas!E$27,'Datos generales'!$D:$D,Tablas!$D$23,'Datos generales'!$Q:$Q,Tablas!$B29) -> 60 | F29: =SUMIFS('Datos generales'!$E:$E,'Datos generales'!$N:$N,Tablas!F$27,'Datos generales'!$D:$D,Tablas!$D$23,'Datos generales'!$Q:$Q,Tablas!$B29) -> 0 | G29: =SUMIFS('Datos generales'!$E:$E,'Datos generales'!$N:$N,Tablas!G$27,'Datos generales'!$D:$D,Tablas!$D$23,'Datos generales'!$Q:$Q,Tablas!$B29) -> 0 | H29: =SUMIFS('Datos generales'!$E:$E,'Datos generales'!$N:$N,Tablas!H$27,'Datos generales'!$D:$D,Tablas!$D$23,'Datos generales'!$Q:$Q,Tablas!$B29) -> 0 | I29: =SUMIFS('Datos generales'!$E:$E,'Datos generales'!$N:$N,Tablas!I$27,'Datos generales'!$D:$D,Tablas!$D$23,'Datos generales'!$Q:$Q,Tablas!$B29) -> 50 | J29: =SUMIFS('Datos generales'!$E:$E,'Datos generales'!$N:$N,Tablas!J$27,'Datos generales'!$D:$D,Tablas!$D$23,'Datos generales'!$Q:$Q,Tablas!$B29) -> 90 | ... N29: =SUMIFS('Datos generales'!$E:$E,'Datos generales'!$N:$N,Tablas!N$27,'Datos generales'!$D:$D,Tablas!$D$23,'Datos generales'!$Q:$Q,Tablas!$B29) -> 0
B30: Grupo 3 | C30: =SUMIFS('Datos generales'!$E:$E,'Datos generales'!$N:$N,Tablas!C$27,'Datos generales'!$D:$D,Tablas!$D$23,'Datos generales'!$Q:$Q,Tablas!$B30) -> 40 | D30: =SUMIFS('Datos generales'!$E:$E,'Datos generales'!$N:$N,Tablas!D$27,'Datos generales'!$D:$D,Tablas!$D$23,'Datos generales'!$Q:$Q,Tablas!$B30) -> 0 | E30: =SUMIFS('Datos generales'!$E:$E,'Datos generales'!$N:$N,Tablas!E$27,'Datos generales'!$D:$D,Tablas!$D$23,'Datos generales'!$Q:$Q,Tablas!$B30) -> 0 | F30: =SUMIFS('Datos generales'!$E:$E,'Datos generales'!$N:$N,Tablas!F$27,'Datos generales'!$D:$D,Tablas!$D$23,'Datos generales'!$Q:$Q,Tablas!$B30) -> 0 | G30: =SUMIFS('Datos generales'!$E:$E,'Datos generales'!$N:$N,Tablas!G$27,'Datos generales'!$D:$D,Tablas!$D$23,'Datos generales'!$Q:$Q,Tablas!$B30) -> 0 | H30: =SUMIFS('Datos generales'!$E:$E,'Datos generales'!$N:$N,Tablas!H$27,'Datos generales'!$D:$D,Tablas!$D$23,'Datos generales'!$Q:$Q,Tablas!$B30) -> 0 | I30: =SUMIFS('Datos generales'!$E:$E,'Datos generales'!$N:$N,Tablas!I$27,'Datos generales'!$D:$D,Tablas!$D$23,'Datos generales'!$Q:$Q,Tablas!$B30) -> 0 | J30: =SUMIFS('Datos generales'!$E:$E,'Datos generales'!$N:$N,Tablas!J$27,'Datos generales'!$D:$D,Tablas!$D$23,'Datos generales'!$Q:$Q,Tablas!$B30) -> 0 | ... N30: =SUMIFS('Datos generales'!$E:$E,'Datos generales'!$N:$N,Tablas!N$27,'Datos generales'!$D:$D,Tablas!$D$23,'Datos generales'!$Q:$Q,Tablas!$B30) -> 0
B31: TOTALES | C31: =SUM(C28:C30) -> 160 | D31: =SUM(D28:D30) -> 120 | E31: =SUM(E28:E30) -> 120 | F31: =SUM(F28:F30) -> 20 | G31: =SUM(G28:G30) -> 20 | H31: =SUM(H28:H30) -> 180 | I31: =SUM(I28:I30) -> 50 | J31: =SUM(J28:J30) -> 160 | ... N31: =SUM(N28:N30) -> 0
B33: PORCENTAJE
C34: 1 | D34: 2 | E34: 3 | F34: 4 | G34: 5 | H34: 6 | I34: 7 | J34: 8 | K34: 9 | L34: 10 | M34: 11 | N34: 12
C35: Enero | D35: Febrero | E35: Marzo | F35: Abril | G35: Mayo | H35: Junio | I35: Julio | J35: Agosto | K35: Septiembre | L35: Octubre | M35: Noviembre | N35: Diciembre
B36: Grupo 1 | C36: =IFERROR(C28/C31,"") -> 0.5 | D36: =IFERROR(D28/D31,"") -> 0.58333333 | E36: =IFERROR(E28/E31,"") -> 0.5 | F36: =IFERROR(F28/F31,"") -> 1 | G36: =IFERROR(G28/G31,"") -> 1 | H36: =IFERROR(H28/H31,"") -> 1 | I36: =IFERROR(I28/I31,"") -> 0 | J36: =IFERROR(J28/J31,"") -> 0.4375 | ... N36: =IFERROR(N28/N31,"")
B37: Grupo 2 | C37: =IFERROR(C29/C31,"") -> 0.25 | D37: =IFERROR(D29/D31,"") -> 0.41666667 | E37: =IFERROR(E29/E31,"") -> 0.5 | F37: =IFERROR(F29/F31,"") -> 0 | G37: =IFERROR(G29/G31,"") -> 0 | H37: =IFERROR(H29/H31,"") -> 0 | I37: =IFERROR(I29/I31,"") -> 1 | J37: =IFERROR(J29/J31,"") -> 0.5625 | ... N37: =IFERROR(N29/N31,"")
B38: Grupo 3 | C38: =IFERROR(C30/C31,"") -> 0.25 | D38: =IFERROR(D30/D31,"") -> 0 | E38: =IFERROR(E30/E31,"") -> 0 | F38: =IFERROR(F30/F31,"") -> 0 | G38: =IFERROR(G30/G31,"") -> 0 | H38: =IFERROR(H30/H31,"") -> 0 | I38: =IFERROR(I30/I31,"") -> 0 | J38: =IFERROR(J30/J31,"") -> 0 | ... N38: =IFERROR(N30/N31,"")

Sheet Graficos
B2: VISION DINAMICA - EVOLUCION DE VENTAS Y PEDIDOS
B5: Año | C5: 2023
C9: Enero | D9: =SUMIFS(Ventas!$C:$C,Ventas!$E:$E,Graficos!$C$5,Ventas!$D:$D,Graficos!C9) -> 163795 | N9: Enero | O9: =SUMIFS(Pedidos!$B:$B,Ventas!$E:$E,Graficos!$C$5,Ventas!$D:$D,Graficos!N9) -> 200
C10: Febrero | D10: =SUMIFS(Ventas!$C:$C,Ventas!$E:$E,Graficos!$C$5,Ventas!$D:$D,Graficos!C10) -> 176734.1 | N10: Febrero | O10: =SUMIFS(Pedidos!$B:$B,Ventas!$E:$E,Graficos!$C$5,Ventas!$D:$D,Graficos!N10) -> 150
C11: Marzo | D11: =SUMIFS(Ventas!$C:$C,Ventas!$E:$E,Graficos!$C$5,Ventas!$D:$D,Graficos!C11) -> 160612.4 | N11: Marzo | O11: =SUMIFS(Pedidos!$B:$B,Ventas!$E:$E,Graficos!$C$5,Ventas!$D:$D,Graficos!N11) -> 130
C12: Abril | D12: =SUMIFS(Ventas!$C:$C,Ventas!$E:$E,Graficos!$C$5,Ventas!$D:$D,Graficos!C12) -> 116355.4 | N12: Abril | O12: =SUMIFS(Pedidos!$B:$B,Ventas!$E:$E,Graficos!$C$5,Ventas!$D:$D,Graficos!N12) -> 180
C13: Mayo | D13: =SUMIFS(Ventas!$C:$C,Ventas!$E:$E,Graficos!$C$5,Ventas!$D:$D,Graficos!C13) -> 89236.6 | N13: Mayo | O13: =SUMIFS(Pedidos!$B:$B,Ventas!$E:$E,Graficos!$C$5,Ventas!$D:$D,Graficos!N13) -> 70
C14: Junio | D14: =SUMIFS(Ventas!$C:$C,Ventas!$E:$E,Graficos!$C$5,Ventas!$D:$D,Graficos!C14) -> 123762.2 | N14: Junio | O14: =SUMIFS(Pedidos!$B:$B,Ventas!$E:$E,Graficos!$C$5,Ventas!$D:$D,Graficos!N14) -> 180
C15: Julio | D15: =SUMIFS(Ventas!$C:$C,Ventas!$E:$E,Graficos!$C$5,Ventas!$D:$D,Graficos!C15) -> 126010.2 | N15: Julio | O15: =SUMIFS(Pedidos!$B:$B,Ventas!$E:$E,Graficos!$C$5,Ventas!$D:$D,Graficos!N15) -> 170
C16: Agosto | D16: =SUMIFS(Ventas!$C:$C,Ventas!$E:$E,Graficos!$C$5,Ventas!$D:$D,Graficos!C16) -> 84649.8 | N16: Agosto | O16: =SUMIFS(Pedidos!$B:$B,Ventas!$E:$E,Graficos!$C$5,Ventas!$D:$D,Graficos!N16) -> 70
C17: Septiembre | D17: =SUMIFS(Ventas!$C:$C,Ventas!$E:$E,Graficos!$C$5,Ventas!$D:$D,Graficos!C17) -> 133377.2 | N17: Septiembre | O17: =SUMIFS(Pedidos!$B:$B,Ventas!$E:$E,Graficos!$C$5,Ventas!$D:$D,Graficos!N17) -> 180
C18: Octubre | D18: =SUMIFS(Ventas!$C:$C,Ventas!$E:$E,Graficos!$C$5,Ventas!$D:$D,Graficos!C18) -> 260338.4 | N18: Octubre | O18: =SUMIFS(Pedidos!$B:$B,Ventas!$E:$E,Graficos!$C$5,Ventas!$D:$D,Graficos!N18) -> 160
C19: Noviembre | D19: =SUMIFS(Ventas!$C:$C,Ventas!$E:$E,Graficos!$C$5,Ventas!$D:$D,Graficos!C19) -> 209273.6 | N19: Noviembre | O19: =SUMIFS(Pedidos!$B:$B,Ventas!$E:$E,Graficos!$C$5,Ventas!$D:$D,Graficos!N19) -> 220
C29: Muebles | D29: =COUNTIFS(Pedidos!$F:$F,Graficos!C29,Pedidos!$G:$G,Graficos!$C$5) -> 70 | M29: Audífonos | N29: =SUMIFS(Pedidos!$B:$B,Pedidos!$C:$C,Graficos!M29,Pedidos!$G:$G,Graficos!$C$5) -> 270
C30: Accesorios | D30: =COUNTIFS(Pedidos!$F:$F,Graficos!C30,Pedidos!$G:$G,Graficos!$C$5) -> 370 | M30: Impresora | N30: =SUMIFS(Pedidos!$B:$B,Pedidos!$C:$C,Graficos!M30,Pedidos!$G:$G,Graficos!$C$5) -> 230
C31: Electrónica | D31: =COUNTIFS(Pedidos!$F:$F,Graficos!C31,Pedidos!$G:$G,Graficos!$C$5) -> 250 | M31: Laptop | N31: =SUMIFS(Pedidos!$B:$B,Pedidos!$C:$C,Graficos!M31,Pedidos!$G:$G,Graficos!$C$5) -> 250
M32: Monitor | N32: =SUMIFS(Pedidos!$B:$B,Pedidos!$C:$C,Graficos!M32,Pedidos!$G:$G,Graficos!$C$5) -> 260
M33: Mouse | N33: =SUMIFS(Pedidos!$B:$B,Pedidos!$C:$C,Graficos!M33,Pedidos!$G:$G,Graficos!$C$5) -> 170
M34: Silla Gamer | N34: =SUMIFS(Pedidos!$B:$B,Pedidos!$C:$C,Graficos!M34,Pedidos!$G:$G,Graficos!$C$5) -> 180
M35: Teclado | N35: =SUMIFS(Pedidos!$B:$B,Pedidos!$C:$C,Graficos!M35,Pedidos!$G:$G,Graficos!$C$5) -> 320
M36: Webcam | N36: =SUMIFS(Pedidos!$B:$B,Pedidos!$C:$C,Graficos!M36,Pedidos!$G:$G,Graficos!$C$5) -> 320

Sheet TD - Datos generales
A2: Año | B2: (Todas)
A3: Mes | B3: (Todas)
A4: ID_Pedido | B4: (Todas)
A6: Etiquetas de fila | B6: Porcentaje Total ventas | C6: Suma de Cantidad | D6: Promedio de Precio_Unitario | E6: Suma de Total ventas (Campo calculado)
A7: Audífonos | B7: 0.1129088 | C7: 640 | D7: 1088.9595 | E7: 153325504
A8: Impresora | B8: 0.13943131 | C8: 920 | D8: 871.71516 | E8: 2.4861316e+08
A9: Laptop | B9: 0.15020032 | C9: 640 | D9: 1200.8614 | E9: 1.6139578e+08
A10: Monitor | B10: 0.11473659 | C10: 700 | D10: 1010.4565 | E10: 1.8390309e+08
A11: Mouse | B11: 0.078374464 | C11: 480 | D11: 954.68118 | E11: 77901984
A12: Silla Gamer | B12: 0.11383062 | C12: 780 | D12: 877.49655 | E12: 1.9848972e+08
A13: Teclado | B13: 0.11865325 | C13: 790 | D13: 844.94192 | E13: 1.7355107e+08
A14: Webcam | B14: 0.17186463 | C14: 930 | D14: 1082.2961 | E14: 2.818299e+08
A15: Total general | B15: 1 | C15: 5880 | D15: 982.1 | E15: 1.1549496e+10

Sheet Datos generales
A1: ID_Pedido | B1: FechaHora | C1: NombreCliente | D1: Producto | E1: Cantidad | F1: Precio_Unitario | G1: Categoria | H1: Total_Venta | I1: Año | J1: Mes | K1: Hora | L1: Ticket_Promedio | M1: Dia de la semana | N1: Mes en texto | O1: Superior a la venta promedio | P1: Superior al ticket promedio | Q1: Agrupacion por total venta
A2: ORD1000 | B2: 45280.478 | C2: Enrique Solís | D2: Monitor | E2: 5 | F2: 1497.24 | G2: Electrónica | H2: 7486.2 | I2: 2023 | J2: 12 | K2: 11 | L2: 1497.24 | M2: =TEXT(B2,"dddd") -> miércoles | N2: =TEXT(B2,"mmmm") -> diciembre | O2: =IF(H2>AVERAGE(H:H),"SI","NO") -> SI | P2: =IF(L2>AVERAGE(L:L),"SI","NO") -> SI | Q2: {=_xlfn.IFS(AND(H2>=0,H2<=3333),"Grupo 1",AND(H2>3333,H2<=6666),"Grupo 2",AND(H2>6666,H2<=10000),"Grupo 3")} -> Grupo 3
A3: ORD1001 | B3: 45008.84 | C3: Mario Vega | D3: Monitor | E3: 1 | F3: 1687.54 | G3: Electrónica | H3: 1687.54 | I3: 2023 | J3: 3 | K3: 20 | L3: 1687.54 | M3: =TEXT(B3,"dddd") -> jueves | N3: =TEXT(B3,"mmmm") -> marzo | O3: =IF(H3>AVERAGE(H:H),"SI","NO") -> NO | P3: =IF(L3>AVERAGE(L:L),"SI","NO") -> SI | Q3: {=_xlfn.IFS(AND(H3>=0,H3<=3333),"Grupo 1",AND(H3>3333,H3<=6666),"Grupo 2",AND(H3>6666,H3<=10000),"Grupo 3")} -> Grupo 1
A4: ORD1002 | B4: 45355.444 | C4: Enzo Moreno | D4: Teclado | E4: 3 | F4: 768.8 | G4: Accesorios | H4: 2306.4 | I4: 2024 | J4: 3 | K4: 10 | L4: 768.8 | M4: =TEXT(B4,"dddd") -> lunes | N4: =TEXT(B4,"mmmm") -> marzo | O4: =IF(H4>AVERAGE(H:H),"SI","NO") -> NO | P4: =IF(L4>AVERAGE(L:L),"SI","NO") -> NO | Q4: {=_xlfn.IFS(AND(H4>=0,H4<=3333),"Grupo 1",AND(H4>3333,H4<=6666),"Grupo 2",AND(H4>6666,H4<=10000),"Grupo 3")} -> Grupo 1
A5: ORD1003 | B5: 45704.374 | C5: Camila Molina | D5: Silla Gamer | E5: 1 | F5: 1532.67 | G5: Muebles | H5: 1532.67 | I5: 2025 | J5: 2 | K5: 8 | L5: 1532.67 | M5: =TEXT(B5,"dddd") -> domingo | N5: =TEXT(B5,"mmmm") -> febrero | O5: =IF(H5>AVERAGE(H:H),"SI","NO") -> NO | P5: =IF(L5>AVERAGE(L:L),"SI","NO") -> SI | Q5: {=_xlfn.IFS(AND(H5>=0,H5<=3333),"Grupo 1",AND(H5>3333,H5<=6666),"Grupo 2",AND(H5>6666,H5<=10000),"Grupo 3")} -> Grupo 1
A6: ORD1004 | B6: 45772.849 | C6: Carmen Fuentes | D6: Silla Gamer | E6: 3 | F6: 1709.47 | G6: Muebles | H6: 5128.41 | I6: 2025 | J6: 4 | K6: 20 | L6: 1709.47 | M6: =TEXT(B6,"dddd") -> viernes | N6: =TEXT(B6,"mmmm") -> abril | O6: =IF(H6>AVERAGE(H:H),"SI","NO") -> SI | P6: =IF(L6>AVERAGE(L:L),"SI","NO") -> SI | Q6: {=_xlfn.IFS(AND(H6>=0,H6<=3333),"Grupo 1",AND(H6>3333,H6<=6666),"Grupo 2",AND(H6>6666,H6<=10000),"Grupo 3")} -> Grupo 2
A7: ORD1005 | B7: 45101.226 | C7: Enrique Cáceres | D7: Impresora | E7: 3 | F7: 297.54 | G7: Electrónica | H7: 892.62 | I7: 2023 | J7: 6 | K7: 5 | L7: 297.54 | M7: =TEXT(B7,"dddd") -> sábado | N7: =TEXT(B7,"mmmm") -> junio | O7: =IF(H7>AVERAGE(H:H),"SI","NO") -> NO | P7: =IF(L7>AVERAGE(L:L),"SI","NO") -> NO | Q7: {=_xlfn.IFS(AND(H7>=0,H7<=3333),"Grupo 1",AND(H7>3333,H7<=6666),"Grupo 2",AND(H7>6666,H7<=10000),"Grupo 3")} -> Grupo 1
A8: ORD1006 | B8: 45694.433 | C8: Alberto Flores | D8: Webcam | E8: 4 | F8: 1546.65 | G8: Accesorios | H8: 6186.6 | I8: 2025 | J8: 2 | K8: 10 | L8: 1546.65 | M8: =TEXT(B8,"dddd") -> jueves | N8: =TEXT(B8,"mmmm") -> febrero | O8: =IF(H8>AVERAGE(H:H),"SI","NO") -> SI | P8: =IF(L8>AVERAGE(L:L),"SI","NO") -> SI | Q8: {=_xlfn.IFS(AND(H8>=0,H8<=3333),"Grupo 1",AND(H8>3333,H8<=6666),"Grupo 2",AND(H8>6666,H8<=10000),"Grupo 3")} -> Grupo 2
A9: ORD1007 | B9: 45798.69 | C9: Victoria Campos | D9: Monitor | E9: 1 | F9: 1575.18 | G9: Electrónica | H9: 1575.18 | I9: 2025 | J9: 5 | K9: 16 | L9: 1575.18 | M9: =TEXT(B9,"dddd") -> miércoles | N9: =TEXT(B9,"mmmm") -> mayo | O9: =IF(H9>AVERAGE(H:H),"SI","NO") -> NO | P9: =IF(L9>AVERAGE(L:L),"SI","NO") -> SI | Q9: {=_xlfn.IFS(AND(H9>=0,H9<=3333),"Grupo 1",AND(H9>3333,H9<=6666),"Grupo 2",AND(H9>6666,H9<=10000),"Grupo 3")} -> Grupo 1
A10: ORD1008 | B10: 45425.797 | C10: Jimena Pérez | D10: Laptop | E10: 5 | F10: 1815.86 | G10: Electrónica | H10: 9079.3 | I10: 2024 | J10: 5 | K10: 19 | L10: 1815.86 | M10: =TEXT(B10,"dddd") -> lunes | N10: =TEXT(B10,"mmmm") -> mayo | O10: =IF(H10>AVERAGE(H:H),"SI","NO") -> SI | P10: =IF(L10>AVERAGE(L:L),"SI","NO") -> SI | Q10: {=_xlfn.IFS(AND(H10>=0,H10<=3333),"Grupo 1",AND(H10>3333,H10<=6666),"Grupo 2",AND(H10>6666,H10<=10000),"Grupo 3")} -> Grupo 3
A11: ORD1009 | B11: 45525.152 | C11: Cecilia León | D11: Monitor | E11: 1 | F11: 564.11 | G11: Electrónica | H11: 564.11 | I11: 2024 | J11: 8 | K11: 3 | L11: 564.11 | M11: =TEXT(B11,"dddd") -> miércoles | N11: =TEXT(B11,"mmmm") -> agosto | O11: =IF(H11>AVERAGE(H:H),"SI","NO") -> NO | P11: =IF(L11>AVERAGE(L:L),"SI","NO") -> NO | Q11: {=_xlfn.IFS(AND(H11>=0,H11<=3333),"Grupo 1",AND(H11>3333,H11<=6666),"Grupo 2",AND(H11>6666,H11<=10000),"Grupo 3")} -> Grupo 1
A12: ORD1010 | B12: 45580.044 | C12: María Fernández | D12: Laptop | E12: 1 | F12: 454.9 | G12: Electrónica | H12: 454.9 | I12: 2024 | J12: 10 | K12: 1 | L12: 454.9 | M12: =TEXT(B12,"dddd") -> martes | N12: =TEXT(B12,"mmmm") -> octubre | O12: =IF(H12>AVERAGE(H:H),"SI","NO") -> NO | P12: =IF(L12>AVERAGE(L:L),"SI","NO") -> NO | Q12: {=_xlfn.IFS(AND(H12>=0,H12<=3333),"Grupo 1",AND(H12>3333,H12<=6666),"Grupo 2",AND(H12>6666,H12<=10000),"Grupo 3")} -> Grupo 1
A13: ORD1011 | B13: 45551.151 | C13: Alicia Martínez | D13: Mouse | E13: 3 | F13: 1277.51 | G13: Accesorios | H13: 3832.53 | I13: 2024 | J13: 9 | K13: 3 | L13: 1277.51 | M13: =TEXT(B13,"dddd") -> lunes | N13: =TEXT(B13,"mmmm") -> septiembre | O13: =IF(H13>AVERAGE(H:H),"SI","NO") -> SI | P13: =IF(L13>AVERAGE(L:L),"SI","NO") -> SI | Q13: {=_xlfn.IFS(AND(H13>=0,H13<=3333),"Grupo 1",AND(H13>3333,H13<=6666),"Grupo 2",AND(H13>6666,H13<=10000),"Grupo 3")} -> Grupo 2
... A2001: ORD1199 | B2001: 45089.397 | C2001: Sandra Ortiz | D2001: Mouse | E2001: 2 | F2001: 1243.34 | G2001: Accesorios | H2001: 2486.68 | I2001: 2023 | J2001: 6 | K2001: 9 | L2001: 1243.34 | M2001: =TEXT(B2001,"dddd") -> lunes | N2001: =TEXT(B2001,"mmmm") -> junio | O2001: =IF(H2001>AVERAGE(H:H),"SI","NO") -> NO | P2001: =IF(L2001>AVERAGE(L:L),"SI","NO") -> SI | Q2001: {=_xlfn.IFS(AND(H2001>=0,H2001<=3333),"Grupo 1",AND(H2001>3333,H2001<=6666),"Grupo 2",AND(H2001>6666,H2001<=10000),"Grupo 3")} -> Grupo 1

Sheet Ventas
A1: ID_Pedido | B1: Fecha | C1: Total_Venta | D1: Mes | E1: Año
A2: ORD1000 | B2: =VLOOKUP(A2,'Datos generales'!A:B,2,0) -> 45280.478 | C2: =VLOOKUP(A2,'Datos generales'!A:H,8,0) -> 7486.2 | D2: =TEXT(B2,"mmmm") -> diciembre | E2: =YEAR(B2) -> 2023
A3: ORD1001 | B3: =VLOOKUP(A3,'Datos generales'!A:B,2,0) -> 45008.84 | C3: =VLOOKUP(A3,'Datos generales'!A:H,8,0) -> 1687.54 | D3: =TEXT(B3,"mmmm") -> marzo | E3: =YEAR(B3) -> 2023
A4: ORD1002 | B4: =VLOOKUP(A4,'Datos generales'!A:B,2,0) -> 45355.444 | C4: =VLOOKUP(A4,'Datos generales'!A:H,8,0) -> 2306.4 | D4: =TEXT(B4,"mmmm") -> marzo | E4: =YEAR(B4) -> 2024
A5: ORD1003 | B5: =VLOOKUP(A5,'Datos generales'!A:B,2,0) -> 45704.374 | C5: =VLOOKUP(A5,'Datos generales'!A:H,8,0) -> 1532.67 | D5: =TEXT(B5,"mmmm") -> febrero | E5: =YEAR(B5) -> 2025
A6: ORD1004 | B6: =VLOOKUP(A6,'Datos generales'!A:B,2,0) -> 45772.849 | C6: =VLOOKUP(A6,'Datos generales'!A:H,8,0) -> 5128.41 | D6: =TEXT(B6,"mmmm") -> abril | E6: =YEAR(B6) -> 2025
A7: ORD1005 | B7: =VLOOKUP(A7,'Datos generales'!A:B,2,0) -> 45101.226 | C7: =VLOOKUP(A7,'Datos generales'!A:H,8,0) -> 892.62 | D7: =TEXT(B7,"mmmm") -> junio | E7: =YEAR(B7) -> 2023
A8: ORD1006 | B8: =VLOOKUP(A8,'Datos generales'!A:B,2,0) -> 45694.433 | C8: =VLOOKUP(A8,'Datos generales'!A:H,8,0) -> 6186.6 | D8: =TEXT(B8,"mmmm") -> febrero | E8: =YEAR(B8) -> 2025
A9: ORD1007 | B9: =VLOOKUP(A9,'Datos generales'!A:B,2,0) -> 45798.69 | C9: =VLOOKUP(A9,'Datos generales'!A:H,8,0) -> 1575.18 | D9: =TEXT(B9,"mmmm") -> mayo | E9: =YEAR(B9) -> 2025
A10: ORD1008 | B10: =VLOOKUP(A10,'Datos generales'!A:B,2,0) -> 45425.797 | C10: =VLOOKUP(A10,'Datos generales'!A:H,8,0) -> 9079.3 | D10: =TEXT(B10,"mmmm") -> mayo | E10: =YEAR(B10) -> 2024
A11: ORD1009 | B11: =VLOOKUP(A11,'Datos generales'!A:B,2,0) -> 45525.152 | C11: =VLOOKUP(A11,'Datos generales'!A:H,8,0) -> 564.11 | D11: =TEXT(B11,"mmmm") -> agosto | E11: =YEAR(B11) -> 2024
A12: ORD1010 | B12: =VLOOKUP(A12,'Datos generales'!A:B,2,0) -> 45580.044 | C12: =VLOOKUP(A12,'Datos generales'!A:H,8,0) -> 454.9 | D12: =TEXT(B12,"mmmm") -> octubre | E12: =YEAR(B12) -> 2024
A13: ORD1011 | B13: =VLOOKUP(A13,'Datos generales'!A:B,2,0) -> 45551.151 | C13: =VLOOKUP(A13,'Datos generales'!A:H,8,0) -> 3832.53 | D13: =TEXT(B13,"mmmm") -> septiembre | E13: =YEAR(B13) -> 2024
... A2001: ORD1199 | B2001: =VLOOKUP(A2001,'Datos generales'!A:B,2,0) -> 45089.397 | C2001: =VLOOKUP(A2001,'Datos generales'!A:H,8,0) -> 2486.68 | D2001: =TEXT(B2001,"mmmm") -> junio | E2001: =YEAR(B2001) -> 2023

Sheet Pedidos
A1: ID_Pedido | B1: Cantidad | C1: Producto | D1: Precio_Unitario | E1: Ticket_Promedio | F1: Categoria | G1: Año
A2: ORD1000 | B2: =VLOOKUP(A2,'Datos generales'!A:L,5,0) -> 5 | C2: =VLOOKUP(A2,'Datos generales'!A:L,4,0) -> Monitor | D2: =VLOOKUP(A2,'Datos generales'!A:L,6,0) -> 1497.24 | E2: =VLOOKUP(A2,'Datos generales'!A:L,12,0) -> 1497.24 | F2: =VLOOKUP(A2,'Datos generales'!A:L,7,0) -> Electrónica | G2: 2023
A3: ORD1001 | B3: =VLOOKUP(A3,'Datos generales'!A:L,5,0) -> 1 | C3: =VLOOKUP(A3,'Datos generales'!A:L,4,0) -> Monitor | D3: =VLOOKUP(A3,'Datos generales'!A:L,6,0) -> 1687.54 | E3: =VLOOKUP(A3,'Datos generales'!A:L,12,0) -> 1687.54 | F3: =VLOOKUP(A3,'Datos generales'!A:L,7,0) -> Electrónica | G3: 2023
A4: ORD1002 | B4: =VLOOKUP(A4,'Datos generales'!A:L,5,0) -> 3 | C4: =VLOOKUP(A4,'Datos generales'!A:L,4,0) -> Teclado | D4: =VLOOKUP(A4,'Datos generales'!A:L,6,0) -> 768.8 | E4: =VLOOKUP(A4,'Datos generales'!A:L,12,0) -> 768.8 | F4: =VLOOKUP(A4,'Datos generales'!A:L,7,0) -> Accesorios | G4: 2024
A5: ORD1003 | B5: =VLOOKUP(A5,'Datos generales'!A:L,5,0) -> 1 | C5: =VLOOKUP(A5,'Datos generales'!A:L,4,0) -> Silla Gamer | D5: =VLOOKUP(A5,'Datos generales'!A:L,6,0) -> 1532.67 | E5: =VLOOKUP(A5,'Datos generales'!A:L,12,0) -> 1532.67 | F5: =VLOOKUP(A5,'Datos generales'!A:L,7,0) -> Muebles | G5: 2025
A6: ORD1004 | B6: =VLOOKUP(A6,'Datos generales'!A:L,5,0) -> 3 | C6: =VLOOKUP(A6,'Datos generales'!A:L,4,0) -> Silla Gamer | D6: =VLOOKUP(A6,'Datos generales'!A:L,6,0) -> 1709.47 | E6: =VLOOKUP(A6,'Datos generales'!A:L,12,0) -> 1709.47 | F6: =VLOOKUP(A6,'Datos generales'!A:L,7,0) -> Muebles | G6: 2025
A7: ORD1005 | B7: =VLOOKUP(A7,'Datos generales'!A:L,5,0) -> 3 | C7: =VLOOKUP(A7,'Datos generales'!A:L,4,0) -> Impresora | D7: =VLOOKUP(A7,'Datos generales'!A:L,6,0) -> 297.54 | E7: =VLOOKUP(A7,'Datos generales'!A:L,12,0) -> 297.54 | F7: =VLOOKUP(A7,'Datos generales'!A:L,7,0) -> Electrónica | G7: 2023
A8: ORD1006 | B8: =VLOOKUP(A8,'Datos generales'!A:L,5,0) -> 4 | C8: =VLOOKUP(A8,'Datos generales'!A:L,4,0) -> Webcam | D8: =VLOOKUP(A8,'Datos generales'!A:L,6,0) -> 1546.65 | E8: =VLOOKUP(A8,'Datos generales'!A:L,12,0) -> 1546.65 | F8: =VLOOKUP(A8,'Datos generales'!A:L,7,0) -> Accesorios | G8: 2025
A9: ORD1007 | B9: =VLOOKUP(A9,'Datos generales'!A:L,5,0) -> 1 | C9: =VLOOKUP(A9,'Datos generales'!A:L,4,0) -> Monitor | D9: =VLOOKUP(A9,'Datos generales'!A:L,6,0) -> 1575.18 | E9: =VLOOKUP(A9,'Datos generales'!A:L,12,0) -> 1575.18 | F9: =VLOOKUP(A9,'Datos generales'!A:L,7,0) -> Electrónica | G9: 2025
A10: ORD1008 | B10: =VLOOKUP(A10,'Datos generales'!A:L,5,0) -> 5 | C10: =VLOOKUP(A10,'Datos generales'!A:L,4,0) -> Laptop | D10: =VLOOKUP(A10,'Datos generales'!A:L,6,0) -> 1815.86 | E10: =VLOOKUP(A10,'Datos generales'!A:L,12,0) -> 1815.86 | F10: =VLOOKUP(A10,'Datos generales'!A:L,7,0) -> Electrónica | G10: 2024
A11: ORD1009 | B11: =VLOOKUP(A11,'Datos generales'!A:L,5,0) -> 1 | C11: =VLOOKUP(A11,'Datos generales'!A:L,4,0) -> Monitor | D11: =VLOOKUP(A11,'Datos generales'!A:L,6,0) -> 564.11 | E11: =VLOOKUP(A11,'Datos generales'!A:L,12,0) -> 564.11 | F11: =VLOOKUP(A11,'Datos generales'!A:L,7,0) -> Electrónica | G11: 2024
A12: ORD1010 | B12: =VLOOKUP(A12,'Datos generales'!A:L,5,0) -> 1 | C12: =VLOOKUP(A12,'Datos generales'!A:L,4,0) -> Laptop | D12: =VLOOKUP(A12,'Datos generales'!A:L,6,0) -> 454.9 | E12: =VLOOKUP(A12,'Datos generales'!A:L,12,0) -> 454.9 | F12: =VLOOKUP(A12,'Datos generales'!A:L,7,0) -> Electrónica | G12: 2024
A13: ORD1011 | B13: =VLOOKUP(A13,'Datos generales'!A:L,5,0) -> 3 | C13: =VLOOKUP(A13,'Datos generales'!A:L,4,0) -> Mouse | D13: =VLOOKUP(A13,'Datos generales'!A:L,6,0) -> 1277.51 | E13: =VLOOKUP(A13,'Datos generales'!A:L,12,0) -> 1277.51 | F13: =VLOOKUP(A13,'Datos generales'!A:L,7,0) -> Accesorios | G13: 2024
... A2001: ORD1199 | B2001: =VLOOKUP(A2001,'Datos generales'!A:L,5,0) -> 2 | C2001: =VLOOKUP(A2001,'Datos generales'!A:L,4,0) -> Mouse | D2001: =VLOOKUP(A2001,'Datos generales'!A:L,6,0) -> 1243.34 | E2001: =VLOOKUP(A2001,'Datos generales'!A:L,12,0) -> 1243.34 | F2001: =VLOOKUP(A2001,'Datos generales'!A:L,7,0) -> Accesorios | G2001: 2023
